96,4,4,1,0,0
96,4,2,1,0,2
96,4,1,2,0,3
96,4,3,2,0,1
96,4,1,1,0,3
96,4,2,2,0,2
96,4,1,1,0,3
96,4,2,2,0,2
96,4,3,0,0,3
96,4,2,2,0,2
96,4,1,2,0,2
96,4,4,0,0,2
96,4,3,0,0,4
96,4,2,0,0,2
96,4,2,0,0,2
96,4,6,0,0,0
96,4,6,0,0,0
96,4,7,0,0,0
96,4,3,1,0,2
96,4,5,1,0,1
96,4,4,1,0,2
96,4,8,3,0,0
96,4,7,3,0,0
96,4,2,1,0,1
96,4,9,3,0,1
96,4,2,1,0,1
96,4,2,2,0,3
96,4,2,2,0,3
96,4,2,1,0,1
96,4,1,3,0,2
96,4,1,3,0,2
96,4,2,2,0,3
96,4,4,2,0,2
96,4,4,2,0,2
96,4,1,3,0,2
96,4,0,2,0,4
96,4,0,2,0,4
96,4,2,2,0,2
96,4,2,1,0,2
96,4,2,1,0,2
96,4,0,2,0,4
96,4,2,1,0,3
96,4,1,1,0,3
96,4,2,2,0,2
96,4,3,1,0,1
96,4,3,1,0,1
96,4,2,1,0,3
96,4,3,1,0,2
96,4,1,1,0,3
96,4,4,1,0,2
96,4,3,1,0,1
96,4,2,1,0,2
96,4,1,1,0,3
96,4,3,1,0,2
96,4,2,1,0,2
96,4,3,1,0,1
96,4,1,1,0,3
96,4,0,4,0,2
96,4,2,1,0,2
96,4,5,1,0,1
96,4,0,1,0,3
96,4,5,1,0,1
96,4,2,3,0,2
96,4,0,4,0,2
96,4,3,0,0,2
96,4,0,1,0,3
96,4,0,4,0,2
96,4,2,3,0,3
96,4,3,4,0,1
96,4,0,1,0,3
96,4,3,0,0,2
96,4,2,3,0,2
96,4,1,1,0,3
96,4,3,3,0,2
96,4,3,0,0,2
96,4,2,1,0,2
96,4,1,1,0,3
96,4,3,0,0,1
96,4,3,3,0,1
96,4,0,2,0,4
96,4,0,2,0,3
96,4,1,1,0,3
96,4,4,0,0,1
96,4,2,2,0,2
96,4,1,2,0,3
96,4,1,2,0,3
96,4,0,3,0,4
96,4,3,0,0,2
96,4,2,1,0,3
96,4,0,2,0,3
96,4,2,3,0,1
96,4,0,3,0,4
96,4,1,2,0,3
96,4,2,1,0,2
96,4,0,4,0,4
96,4,5,2,0,1
96,4,2,3,0,1
96,4,1,1,0,3
96,4,1,2,0,2
96,4,6,2,0,2
96,4,2,3,0,1
96,4,2,1,0,3
96,4,4,2,0,1
96,4,0,0,0,4
96,4,1,2,0,2
96,4,1,1,0,3
96,4,6,1,0,0
96,4,6,2,0,1
96,4,6,2,0,2
96,4,3,2,0,1
96,4,2,1,0,3
96,4,2,1,0,3
96,4,3,2,0,2
96,4,0,0,0,4
96,4,4,2,0,1
96,4,6,2,0,2
96,4,4,0,0,1
96,4,5,2,0,1
96,4,2,1,0,3
96,4,4,0,0,2
96,4,0,0,0,4
96,4,3,2,0,2
96,4,5,2,0,1
96,4,1,2,0,3
96,4,3,2,0,2
96,4,0,2,0,4
96,4,3,2,0,2
96,4,1,1,0,3
96,4,4,3,0,1
96,4,2,1,0,2
96,4,1,1,0,3
96,4,3,2,0,2
96,4,2,2,0,3
96,4,7,1,0,2
96,4,7,1,0,1
96,4,3,3,0,2
96,4,3,0,0,2
96,4,1,2,0,3
96,4,1,2,0,3
96,4,3,1,0,2
96,4,0,2,0,4
96,4,2,2,0,1
96,4,1,0,0,3
96,4,5,1,0,2
96,4,1,2,0,3
96,4,2,1,0,2
96,4,1,1,0,3
96,4,2,1,0,2
96,4,2,1,0,3
96,4,1,1,0,3
96,4,6,1,0,2
96,4,2,1,0,2
96,4,0,2,0,3
96,4,1,2,0,3
96,4,2,3,0,2
96,4,1,2,0,3
96,4,6,1,0,2
96,4,0,2,0,2
96,4,2,2,0,1
96,4,2,2,0,2
96,4,5,1,0,2
96,4,1,0,0,3
96,4,1,2,0,3
96,4,3,0,0,2
96,4,2,1,0,3
96,4,2,2,0,1
96,4,1,1,0,2
96,4,0,1,0,4
96,4,6,1,0,2
96,4,0,2,0,4
96,4,1,2,0,3
96,4,0,2,0,4
96,4,3,1,0,3
96,4,0,2,0,3
96,4,0,2,0,2
96,4,0,2,0,3
96,4,0,2,0,3
96,4,2,2,0,2
96,4,5,1,0,0
96,4,0,1,0,4
96,4,1,2,0,3
96,4,1,2,0,3
96,4,3,0,0,1
96,4,2,2,0,2
96,4,0,2,0,2
96,4,3,0,0,4
96,4,1,1,0,2
96,4,2,1,0,2
96,4,2,2,0,2
96,4,1,1,0,3
96,4,6,0,0,0
96,4,1,0,0,3
96,4,0,2,0,4
96,4,5,1,0,2
96,4,4,0,0,1
96,4,0,2,0,3
96,4,0,2,0,3
96,4,1,1,0,2
96,4,8,3,0,0
96,4,1,1,0,3
96,4,2,1,0,1
96,4,0,2,0,4
96,4,0,1,0,3
96,4,2,2,0,3
96,4,0,1,0,3
96,4,1,3,0,2
96,4,2,1,0,1
96,4,2,2,0,2
96,4,2,1,0,3
96,4,0,2,0,4
96,4,2,2,0,2
96,4,3,0,0,3
96,4,2,2,0,2
96,4,2,1,0,2
96,4,1,1,0,3
96,4,6,0,0,0
96,4,3,1,0,1
96,4,2,2,0,2
96,4,2,1,0,2
96,4,1,2,0,3
96,4,8,3,0,1
96,4,2,1,0,2
96,4,2,1,0,1
96,4,3,2,0,3
96,4,4,1,0,1
96,4,1,3,0,2
96,4,0,4,0,2
96,4,2,2,0,2
96,4,0,1,0,3
96,4,0,2,0,4
96,4,2,3,0,2
96,4,3,0,0,2
96,4,2,1,0,2
96,4,2,1,0,3
96,4,4,3,0,1
96,4,1,1,0,3
96,4,3,1,0,1
96,4,2,1,0,2
96,4,2,1,0,2
96,4,3,0,0,2
96,4,1,2,0,3
96,4,1,2,0,3
96,4,2,1,0,2
96,4,2,1,0,2
96,4,4,1,0,1
96,4,0,4,0,4
96,4,1,4,0,2
96,4,0,1,0,3
96,4,2,3,0,2
96,4,2,3,0,2
96,4,2,2,0,3
96,4,3,0,0,2
96,4,7,2,0,1
96,4,3,3,0,1
96,4,2,1,0,3
96,4,1,1,0,3
96,4,6,2,0,2
96,4,2,1,0,2
96,4,2,1,0,3
96,4,3,0,0,2
96,4,0,0,0,4
96,4,0,2,0,3
96,4,5,2,0,1
96,4,2,1,0,2
96,4,3,2,0,1
96,4,0,3,0,4
96,4,3,2,0,2
96,4,3,2,0,2
96,4,3,1,0,2
96,4,2,3,0,1
96,4,7,1,0,1
96,4,0,4,0,4
96,4,1,2,0,3
96,4,0,1,0,4
96,4,7,2,0,1
96,4,1,0,0,3
96,4,2,1,0,2
96,4,2,1,0,2
96,4,3,2,0,2
96,4,6,2,0,2
96,4,2,1,0,3
96,4,7,1,0,2
96,4,0,0,0,4
96,4,1,2,0,3
96,4,5,2,0,1
96,4,2,2,0,1
96,4,3,2,0,2
96,4,6,1,0,2
96,4,3,2,0,2
96,4,3,1,0,3
96,4,3,3,0,2
96,4,0,1,0,4
96,4,3,1,0,2
96,4,1,2,0,3
96,4,8,1,0,1
96,4,0,2,0,2
96,4,0,2,0,4
96,4,1,2,0,3
96,4,0,1,0,4
96,4,0,0,0,4
96,4,1,1,0,3
96,4,3,1,0,1
96,4,2,1,0,2
96,4,2,2,0,2
96,4,2,2,1,3
96,4,6,1,0,1
96,4,1,1,0,3
96,4,0,2,0,4
96,4,1,2,0,3
96,4,0,1,0,3
96,4,0,1,0,3
96,4,2,2,0,1
96,4,6,1,0,2
96,4,2,1,0,3
96,4,0,1,0,4
96,4,1,2,0,3
96,4,0,2,0,2
96,4,2,2,0,2
96,4,1,0,0,3
96,4,3,1,0,1
96,4,2,1,0,2
96,4,0,2,0,4
96,4,0,2,0,4
96,4,1,1,0,3
96,4,1,1,0,3
96,4,4,2,0,1
96,4,5,1,0,0
96,4,1,1,0,3
96,4,1,1,0,3
96,4,5,2,0,0
96,4,2,2,0,2
96,4,0,2,0,4
96,4,1,2,0,2
96,4,3,0,0,3
96,4,3,0,0,3
96,4,1,2,0,2
96,4,2,1,0,2
96,4,1,2,0,2
96,4,3,0,0,3
96,4,7,1,0,0
96,4,3,0,0,2
96,4,2,0,0,2
96,4,7,1,0,0
96,4,7,1,0,0
96,4,3,1,0,1
96,4,3,1,0,1
96,4,6,3,0,1
96,4,1,1,0,2
96,4,6,3,0,1
96,4,6,3,0,1
96,4,1,1,0,2
96,4,1,2,0,3
96,4,1,2,0,3
96,4,1,1,0,2
96,4,5,3,0,1
96,4,1,2,0,3
96,4,5,3,0,1
96,4,4,1,0,2
96,4,4,1,0,2
96,4,5,3,0,1
96,4,0,2,0,4
96,4,0,2,0,4
96,4,3,1,0,2
96,4,2,2,0,2
96,4,0,2,0,4
96,4,2,2,0,2
96,4,2,1,0,3
96,4,2,1,0,3
96,4,2,2,0,2
96,4,4,2,0,2
96,4,2,1,0,3
96,4,4,2,0,1
96,4,3,1,0,2
96,4,3,1,0,2
96,4,1,1,0,3
96,4,3,2,0,2
96,4,1,1,0,3
96,4,2,1,0,2
96,4,4,1,0,2
96,4,2,1,0,2
96,4,4,1,0,1
96,4,4,1,0,1
96,4,1,2,0,3
96,4,0,3,0,2
96,4,2,1,0,2
96,4,0,3,0,2
96,4,1,0,0,3
96,4,1,1,0,2
96,4,3,1,0,1
96,4,1,3,0,3
96,4,1,3,0,2
96,4,2,2,0,4
96,4,0,3,0,2
96,4,2,2,0,4
96,4,1,0,0,3
96,4,1,2,0,2
96,4,0,3,0,2
96,4,1,3,0,2
96,4,0,1,0,4
96,4,2,2,0,3
96,4,0,1,0,4
96,4,2,1,0,3
96,4,3,0,0,2
96,4,2,1,0,3
96,4,0,3,0,2
96,4,3,0,0,2
96,4,0,1,0,3
96,4,0,1,0,4
96,4,0,1,0,3
96,4,2,0,0,2
96,4,3,0,0,2
96,4,0,3,0,4
96,4,1,2,0,3
96,4,3,0,0,2
96,4,0,3,0,4
96,4,0,1,0,3
96,4,2,3,0,2
96,4,3,1,0,1
96,4,2,3,0,1
96,4,1,3,0,3
96,4,0,3,0,4
96,4,1,3,0,2
96,4,1,2,0,2
96,4,1,1,0,2
96,4,3,2,0,2
96,4,2,3,0,1
96,4,9,2,0,1
96,4,1,1,0,2
96,4,3,0,0,2
96,4,1,3,0,3
96,4,8,2,0,1
96,4,0,1,0,4
96,4,2,0,0,2
96,4,5,2,0,2
96,4,5,1,0,0
96,4,1,1,0,2
96,4,0,1,0,4
96,4,5,1,0,0
96,4,9,2,0,1
96,4,2,2,0,2
96,4,3,0,0,2
96,4,2,2,0,2
96,4,0,0,0,4
96,4,1,2,0,2
96,4,5,1,0,1
96,4,1,2,0,2
96,4,5,3,0,1
96,4,3,0,0,2
96,4,3,2,0,1
96,4,2,2,0,2
96,4,2,1,0,2
96,4,3,2,0,2
96,4,2,2,0,2
96,4,3,2,0,2
96,4,0,2,0,3
96,4,4,2,0,2
96,4,1,1,0,3
96,4,0,2,0,3
96,4,1,0,0,2
96,4,0,1,0,4
96,4,1,1,0,3
96,4,1,0,0,3
96,4,1,0,0,3
96,4,3,2,0,2
96,4,0,0,0,4
96,4,1,2,0,2
96,4,1,2,0,2
96,4,0,2,0,3
96,4,0,1,0,4
96,4,3,2,0,2
96,4,4,2,0,2
96,4,1,0,0,3
96,4,0,0,0,4
96,4,1,2,0,3
96,4,4,2,0,2
96,4,1,2,0,2
96,4,1,3,0,2
96,4,3,2,0,2
96,4,2,2,0,2
96,4,3,0,0,4
96,4,3,0,0,4
96,4,1,2,0,3
96,4,2,2,0,3
96,4,2,2,0,2
96,4,1,3,0,2
96,4,1,2,0,2
96,4,3,0,0,4
96,4,1,2,0,2
96,4,2,2,0,1
96,4,2,1,0,2
96,4,2,2,0,3
96,4,1,1,0,2
96,4,1,1,0,3
96,4,2,2,0,2
96,4,1,2,0,2
96,4,2,3,0,2
96,4,0,0,0,4
96,4,1,0,0,4
96,4,2,1,0,3
96,4,2,2,0,1
96,4,2,0,0,4
96,4,1,1,0,3
96,4,1,1,0,3
96,4,1,2,0,2
96,4,0,2,0,4
96,4,2,2,0,2
96,4,0,1,0,4
96,4,0,2,0,4
96,4,1,0,0,4
96,4,1,1,0,3
96,4,0,2,0,4
96,4,2,1,0,3
96,4,1,1,0,3
96,4,0,1,0,4
96,4,0,1,0,4
96,4,1,1,0,3
96,4,0,2,0,4
96,4,0,2,0,4
96,4,1,1,0,3
96,4,1,1,0,3
96,4,4,1,0,0
96,4,3,1,0,1
96,4,0,2,0,3
96,4,1,1,0,3
96,4,1,2,0,2
96,4,2,2,0,2
96,4,3,0,0,3
96,4,4,0,0,2
96,4,1,0,0,3
96,4,3,0,0,2
96,4,6,1,0,1
96,4,8,1,0,0
96,4,2,0,0,2
96,4,4,1,0,1
96,4,6,3,0,1
96,4,6,3,0,1
96,4,1,1,0,2
96,4,1,1,0,2
96,4,1,2,0,3
96,4,2,2,0,3
96,4,4,3,0,1
96,4,5,3,0,1
96,4,3,1,0,2
96,4,2,1,0,2
96,4,0,2,0,4
96,4,0,2,0,4
96,4,1,2,0,2
96,4,1,2,0,2
96,4,2,1,0,3
96,4,2,1,0,3
96,4,4,2,0,1
96,4,4,2,0,2
96,4,4,1,0,2
96,4,4,1,0,2
96,4,1,2,0,3
96,4,1,2,0,3
96,4,2,1,0,2
96,4,2,1,0,2
96,4,4,1,0,1
96,4,3,1,0,2
96,4,1,3,0,2
96,4,0,3,0,2
96,4,1,1,0,2
96,4,1,1,0,2
96,4,1,3,0,2
96,4,1,3,0,2
96,4,2,2,0,4
96,4,2,2,0,3
96,4,2,2,0,2
96,4,0,1,0,4
96,4,3,3,0,1
96,4,3,0,0,2
96,4,0,1,0,4
96,4,3,0,0,2
96,4,2,1,0,3
96,4,1,1,0,3
96,4,3,0,0,2
96,4,2,1,0,2
96,4,0,1,0,3
96,4,0,3,0,4
96,4,1,1,0,3
96,4,0,3,0,4
96,4,2,3,0,2
96,4,0,3,0,3
96,4,2,3,0,1
96,4,0,2,0,3
96,4,1,1,0,2
96,4,3,3,0,2
96,4,8,2,0,1
96,4,6,2,0,3
96,4,3,0,0,2
96,4,1,1,0,2
96,4,0,0,0,4
96,4,5,1,0,0
96,4,8,2,0,1
96,4,2,0,0,2
96,4,2,2,0,3
96,4,0,1,0,4
96,4,5,1,0,0
96,4,1,2,0,2
96,4,4,3,0,2
96,4,2,2,0,2
96,4,2,0,0,2
96,4,2,2,0,2
96,4,3,2,0,2
96,4,4,3,0,2
96,4,1,2,0,2
96,4,0,1,0,4
96,4,2,1,0,2
96,4,1,1,0,3
96,4,0,0,0,4
96,4,3,2,0,2
96,4,1,1,0,3
96,4,0,2,0,3
96,4,3,2,0,2
96,4,0,1,0,4
96,4,1,0,0,3
96,4,3,2,0,3
96,4,0,0,0,4
96,4,1,2,0,2
96,4,2,2,0,2
96,4,3,0,0,4
96,4,3,2,0,2
96,4,1,2,0,3
96,4,2,2,0,2
96,4,1,1,0,2
96,4,2,2,0,2
96,4,3,0,0,4
96,4,2,1,0,2
96,4,1,2,0,2
96,4,2,2,0,2
96,4,2,2,0,2
96,4,0,0,0,4
96,4,1,2,0,2
96,4,2,0,0,3
96,4,2,2,0,1
96,4,1,1,0,3
96,4,0,1,0,4
96,4,1,2,0,2
96,4,0,2,0,4
96,4,2,2,0,2
96,4,0,1,0,4
96,4,1,0,0,4
96,4,0,1,0,4
96,4,2,0,0,2
96,4,1,1,0,3
96,4,0,1,0,4
96,4,0,2,0,4
96,4,1,1,0,3
96,4,1,1,0,3
96,4,4,2,0,1
96,4,0,2,0,3
96,4,4,2,0,1
96,4,4,2,0,0
96,4,1,2,0,2
96,4,1,1,0,3
96,4,0,2,0,3
96,4,3,0,0,4
96,4,1,2,0,2
96,4,1,2,0,2
96,4,1,0,0,3
96,4,3,0,0,3
96,4,4,0,0,3
96,4,7,0,0,0
96,4,2,1,0,2
96,4,3,0,0,2
96,4,1,2,0,2
96,4,6,1,0,1
96,4,7,1,0,0
96,4,3,1,0,1
96,4,7,3,0,1
96,4,4,1,0,1
96,4,1,1,0,2
96,4,6,3,0,1
96,4,1,2,0,3
96,4,1,1,0,2
96,4,7,3,0,1
96,4,1,2,0,3
96,4,5,3,0,1
96,4,1,1,0,2
96,4,3,1,0,2
96,4,1,2,0,3
96,4,5,3,0,1
96,4,0,2,0,4
96,4,2,1,0,2
96,4,5,3,0,1
96,4,1,2,0,2
96,4,0,2,0,4
96,4,4,1,0,2
96,4,2,1,0,3
96,4,1,2,0,2
96,4,0,2,0,4
96,4,2,1,0,3
96,4,1,2,0,2
96,4,4,3,0,1
96,4,2,1,0,3
96,4,4,1,0,2
96,4,4,3,0,2
96,4,4,1,0,2
96,4,1,1,0,3
96,4,3,2,0,2
96,4,1,1,0,3
96,4,2,1,0,2
96,4,2,1,0,2
96,4,4,1,0,2
96,4,3,1,0,2
96,4,5,1,0,1
96,4,1,1,0,3
96,4,0,3,0,2
96,4,2,1,0,2
96,4,0,3,0,2
96,4,1,1,0,2
96,4,1,1,0,2
96,4,4,1,0,1
96,4,1,3,0,3
96,4,1,3,0,2
96,4,2,2,0,4
96,4,2,2,0,4
96,4,0,3,0,2
96,4,1,1,0,2
96,4,1,2,0,2
96,4,3,3,0,1
96,4,1,3,0,2
96,4,0,1,0,4
96,4,0,1,0,4
96,4,2,2,0,4
96,4,2,1,0,3
96,4,2,1,0,3
96,4,3,0,0,2
96,4,0,3,0,2
96,4,3,0,0,2
96,4,0,1,0,3
96,4,0,1,0,4
96,4,0,1,0,3
96,4,2,0,0,2
96,4,3,0,0,2
96,4,0,3,0,4
96,4,3,0,0,2
96,4,1,2,0,3
96,4,0,1,0,3
96,4,0,3,0,4
96,4,2,3,0,1
96,4,1,2,0,3
96,4,1,3,0,3
96,4,2,3,0,1
96,4,0,3,0,4
96,4,3,2,0,2
96,4,1,3,0,2
96,4,1,1,0,2
96,4,9,1,0,1
96,4,2,3,0,1
96,4,3,2,0,2
96,4,3,0,0,2
96,4,1,1,0,2
96,4,2,3,0,3
96,4,0,1,0,4
96,4,9,2,0,1
96,4,5,1,0,0
96,4,2,0,0,2
96,4,0,2,0,3
96,4,1,1,0,2
96,4,0,0,0,4
96,4,2,2,0,3
96,4,5,1,0,1
96,4,8,2,0,1
96,4,1,2,0,2
96,4,2,0,0,2
96,4,4,3,0,2
96,4,0,0,0,4
96,4,2,2,0,2
96,4,3,0,0,1
96,4,5,1,0,0
96,4,3,2,0,2
96,4,5,2,0,2
96,4,4,2,0,1
96,4,2,2,0,2
96,4,0,2,0,3
96,4,2,1,0,2
96,4,0,1,0,4
96,4,2,2,0,2
96,4,1,0,0,3
96,4,3,2,0,2
96,4,3,2,0,1
96,4,0,0,0,4
96,4,1,2,0,2
96,4,1,1,0,3
96,4,0,2,0,3
96,4,1,1,0,3
96,4,4,2,0,2
96,4,1,0,0,3
96,4,5,2,0,2
96,4,1,0,0,3
96,4,3,2,0,2
96,4,0,2,0,3
96,4,1,2,0,2
96,4,0,1,0,4
96,4,2,2,0,2
96,4,1,0,0,3
96,4,3,2,0,2
96,4,3,0,0,4
96,4,0,0,0,4
96,4,1,2,0,2
96,4,1,2,0,3
96,4,2,2,0,2
96,4,4,2,0,2
96,4,2,2,0,2
96,4,1,2,0,2
96,4,3,0,0,4
96,4,4,2,0,2
96,4,2,2,0,1
96,4,2,2,0,3
96,4,1,3,0,2
96,4,1,2,0,2
96,4,3,0,0,4
96,4,2,3,0,2
96,4,1,2,0,2
96,4,1,1,0,4
96,4,2,2,0,1
96,4,2,2,0,3
96,4,2,0,0,3
96,4,1,1,0,3
96,4,1,1,0,3
96,4,1,2,0,3
96,4,2,3,0,2
96,4,0,2,0,4
96,4,2,2,0,1
96,4,1,0,0,4
96,4,0,2,0,4
96,4,0,1,0,4
96,4,2,0,0,4
96,4,0,1,0,4
96,4,1,2,0,2
96,4,1,1,0,3
96,4,2,2,0,2
96,4,4,2,0,1
96,4,0,2,0,4
96,4,1,0,0,4
96,4,0,2,0,4
96,4,2,2,0,2
96,4,2,1,0,4
96,4,0,2,0,4
96,4,3,0,0,3
96,4,0,1,0,4
96,4,3,0,0,2
96,4,1,1,0,3
96,4,0,1,0,4
96,4,7,0,0,0
96,4,0,2,0,4
96,4,0,2,0,4
96,4,3,1,0,1
96,4,1,1,0,3
96,4,1,1,0,3
96,4,6,3,0,1
96,4,3,2,0,1
96,4,1,1,0,2
96,4,0,2,0,4
96,4,1,2,0,3
96,4,1,2,0,2
96,4,3,0,0,3
96,4,5,3,0,1
96,4,1,1,0,2
96,4,3,1,0,2
96,4,6,1,0,1
96,4,0,2,0,4
96,4,2,0,0,2
96,4,1,2,0,2
96,4,0,1,0,4
96,4,6,3,0,1
96,4,1,1,0,2
96,4,4,2,0,2
96,4,2,2,0,3
96,4,3,1,0,2
96,4,1,1,0,3
96,4,4,3,0,1
96,4,2,1,0,2
96,4,3,1,0,2
96,4,3,1,0,1
96,4,0,2,0,4
96,4,1,2,0,2
96,4,0,3,0,2
96,4,0,1,0,4
96,4,1,1,0,2
96,4,1,3,0,2
96,4,2,2,0,3
96,4,4,2,0,2
96,4,3,1,0,2
96,4,4,3,0,1
96,4,1,1,0,3
96,4,0,1,0,4
96,4,2,1,0,2
96,4,2,1,0,3
96,4,5,1,0,1
96,4,3,0,0,2
96,4,0,1,0,3
96,4,1,3,0,2
96,4,1,1,0,2
96,4,2,0,0,2
96,4,1,3,0,2
96,4,0,3,0,4
96,4,2,2,0,3
96,4,2,3,0,1
96,4,2,4,0,2
96,4,1,3,0,3
96,4,0,1,0,4
96,4,0,2,0,4
96,4,2,1,0,3
96,4,1,1,0,2
96,4,3,0,0,2
96,4,8,2,0,1
96,4,1,1,0,3
96,4,3,0,0,2
96,4,0,0,0,4
96,4,2,1,0,2
96,4,5,1,0,0
96,4,0,3,0,4
96,4,2,2,0,2
96,4,2,3,0,2
96,4,2,2,0,2
96,4,0,3,0,3
96,4,4,2,0,2
96,4,2,0,0,3
96,4,5,2,0,2
96,4,3,2,0,2
96,4,1,1,0,2
96,4,0,2,0,3
96,4,8,2,0,1
96,4,1,1,0,3
96,4,2,0,0,2
96,4,1,0,0,3
96,4,0,1,0,4
96,4,0,0,0,4
96,4,1,2,0,2
96,4,3,1,0,1
96,4,4,2,0,2
96,4,2,2,0,2
96,4,3,2,0,2
96,4,1,2,0,2
96,4,5,2,0,2
96,4,1,3,0,2
96,4,2,0,0,2
96,4,3,0,0,4
96,4,5,2,0,3
96,4,2,2,0,3
96,4,1,2,0,2
96,4,0,1,0,4
96,4,1,2,0,2
96,4,1,0,0,3
96,4,0,0,0,4
96,4,1,2,0,2
96,4,0,2,0,3
96,4,1,2,0,2
96,4,3,2,0,2
96,4,2,3,0,2
96,4,3,2,0,2
96,4,1,1,0,4
96,4,2,0,0,3
96,4,2,2,0,2
96,4,3,0,0,4
96,4,1,1,0,3
96,4,0,2,0,4
96,4,2,2,0,2
96,4,0,2,0,4
96,4,1,1,0,2
96,4,1,1,0,3
96,4,1,1,0,3
96,4,2,1,0,2
96,4,1,1,0,2
96,4,2,3,0,2
96,4,0,0,0,4
96,4,2,1,0,3
96,4,1,1,0,3
96,4,0,2,0,4
96,4,0,2,0,4
96,4,0,1,0,4
96,4,0,1,0,4
96,4,4,1,0,1
96,4,1,1,0,3
96,4,4,2,0,1
96,4,4,2,0,0
96,4,2,2,0,2
96,4,0,2,0,4
96,4,3,0,0,3
96,4,0,3,0,4
96,4,1,0,0,3
96,4,1,2,0,2
96,4,2,2,0,2
96,4,7,1,0,0
96,4,3,0,0,3
96,4,4,0,0,2
96,4,3,0,0,2
96,4,4,1,0,1
96,4,1,0,0,3
96,4,7,0,0,0
96,4,6,1,0,1
96,4,2,0,0,2
96,4,2,0,0,2
96,4,6,3,0,1
96,4,1,1,0,2
96,4,7,3,0,1
96,4,6,3,0,1
96,4,1,2,0,3
96,4,1,1,0,2
96,4,1,1,0,2
96,4,1,2,0,3
96,4,5,3,0,1
96,4,1,2,0,3
96,4,2,1,0,2
96,4,5,3,0,1
96,4,0,2,0,4
96,4,5,3,0,1
96,4,3,1,0,2
96,4,2,1,0,2
96,4,0,2,0,4
96,4,1,2,0,2
96,4,2,1,0,3
96,4,0,2,0,4
96,4,1,2,0,2
96,4,2,1,0,3
96,4,1,2,0,2
96,4,2,1,0,3
96,4,3,3,0,2
96,4,3,3,0,2
96,4,3,1,0,2
96,4,4,2,0,1
96,4,3,1,0,2
96,4,1,2,0,3
96,4,4,1,0,2
96,4,1,1,0,3
96,4,2,1,0,2
96,4,2,1,0,2
96,4,1,1,0,3
96,4,2,1,0,2
96,4,3,1,0,2
96,4,4,1,0,1
96,4,3,1,0,1
96,4,0,3,0,2
96,4,0,3,0,2
96,4,1,0,0,3
96,4,1,1,0,2
96,4,0,3,0,2
96,4,1,3,0,3
96,4,1,3,0,2
96,4,1,0,0,3
96,4,2,2,0,3
96,4,2,2,0,4
96,4,1,3,0,2
96,4,1,2,0,2
96,4,2,2,0,4
96,4,2,3,0,2
96,4,0,1,0,4
96,4,1,2,0,2
96,4,0,1,0,4
96,4,2,1,0,3
96,4,3,0,0,2
96,4,0,1,0,4
96,4,3,0,0,2
96,4,3,0,0,2
96,4,2,1,0,3
96,4,0,1,0,3
96,4,0,1,0,3
96,4,3,0,0,2
96,4,0,1,0,3
96,4,1,2,0,3
96,4,1,2,0,3
96,4,0,3,0,4
96,4,0,3,0,4
96,4,3,1,0,1
96,4,0,3,0,4
96,4,2,3,0,1
96,4,2,3,0,2
96,4,3,3,0,3
96,4,2,3,0,2
96,4,2,4,0,3
96,4,1,3,0,3
96,4,5,2,0,2
96,4,6,2,0,1
96,4,1,1,0,2
96,4,1,1,0,2
96,4,2,2,0,2
96,4,9,2,0,1
96,4,9,2,0,1
96,4,1,1,0,2
96,4,2,0,0,2
96,4,2,0,0,2
96,4,8,2,0,1
96,4,0,1,0,4
96,4,0,0,0,4
96,4,3,0,0,2
96,4,5,1,0,0
96,4,5,1,0,0
96,4,0,0,0,4
96,4,2,2,0,3
96,4,5,1,0,0
96,4,2,2,0,2
96,4,1,2,0,2
96,4,2,2,0,2
96,4,2,2,0,3
96,4,3,3,0,1
96,4,4,3,0,2
96,4,1,0,0,2
96,4,2,2,0,2
96,4,1,1,0,2
96,4,3,2,0,2
96,4,4,3,0,2
96,4,4,2,0,2
96,4,3,0,0,2
96,4,0,2,0,3
96,4,0,1,0,4
96,4,0,2,0,3
96,4,1,0,0,3
96,4,3,2,0,2
96,4,0,1,0,4
96,4,0,0,0,4
96,4,1,1,0,3
96,4,0,2,0,3
96,4,1,2,0,2
96,4,1,0,0,3
96,4,0,1,0,4
96,4,3,2,0,2
96,4,1,0,0,3
96,4,1,2,0,2
96,4,0,0,0,4
96,4,3,2,0,2
96,4,1,2,0,3
96,4,1,2,0,2
96,4,1,3,0,2
96,4,3,2,0,3
96,4,3,2,0,2
96,4,3,0,0,4
96,4,2,2,0,2
96,4,3,2,0,3
96,4,3,0,0,4
96,4,2,2,0,3
96,4,2,2,0,2
96,4,1,2,0,2
96,4,3,0,0,4
96,4,2,2,0,2
96,4,2,2,0,1
96,4,1,2,0,2
96,4,2,2,0,2
96,4,1,2,0,2
96,4,2,2,0,1
96,4,1,2,0,2
96,4,2,3,0,2
96,4,1,1,0,3
96,4,1,1,0,4
96,4,2,2,0,2
96,4,2,2,0,1
96,4,2,0,0,3
96,4,1,0,0,4
96,4,1,1,0,2
96,4,1,1,0,3
96,4,2,1,0,3
96,4,2,2,0,2
96,4,0,2,0,4
96,4,1,1,0,3
96,4,1,1,0,4
96,4,0,2,0,4
96,4,0,1,0,4
96,4,0,1,0,4
96,4,2,1,0,2
96,4,0,1,0,4
96,4,0,2,0,4
96,4,1,1,0,3
96,4,1,1,0,3
96,4,1,1,0,3
96,4,0,1,0,4
96,4,0,2,0,4
96,4,1,1,0,3
96,4,1,1,0,3
96,4,4,1,0,0
96,4,1,1,0,3
96,4,1,2,0,2
96,4,3,0,0,4
96,4,1,1,0,2
96,4,7,1,0,0
96,4,3,0,0,2
96,4,6,3,0,1
96,4,1,1,0,2
96,4,1,2,0,3
96,4,5,3,0,1
96,4,3,1,0,2
96,4,0,2,0,4
96,4,2,2,0,2
96,4,2,1,0,3
96,4,4,3,0,1
96,4,3,1,0,2
96,4,1,1,0,3
96,4,2,1,0,2
96,4,3,1,0,1
96,4,0,3,0,2
96,4,1,1,0,2
96,4,1,3,0,2
96,4,2,2,0,3
96,4,0,3,0,2
96,4,0,1,0,4
96,4,2,1,0,3
96,4,3,0,0,2
96,4,0,1,0,3
96,4,2,1,0,2
96,4,0,3,0,4
96,4,2,3,0,1
96,4,2,3,0,3
96,4,6,2,0,2
96,4,1,1,0,2
96,4,9,2,0,1
96,4,2,0,0,2
96,4,0,0,0,4
96,4,5,1,0,0
96,4,2,2,0,3
96,4,1,2,0,2
96,4,3,3,0,1
96,4,2,1,0,3
96,4,5,2,0,2
96,4,0,2,0,3
96,4,0,1,0,4
96,4,1,0,0,3
96,4,0,0,0,4
96,4,1,2,0,2
96,4,3,2,0,2
96,4,1,2,0,3
96,4,1,3,0,2
96,4,3,0,0,4
96,4,2,2,0,3
96,4,1,1,0,2
96,4,2,2,0,1
96,4,1,2,0,2
96,4,2,2,0,2
96,4,1,0,0,4
96,4,2,1,0,2
96,4,1,1,0,3
96,4,0,2,0,4
96,4,0,2,0,4
96,4,0,1,0,4
96,4,0,1,0,4
96,4,3,1,0,1
96,4,1,1,0,3
96,4,3,2,0,2
96,4,4,0,0,2
96,4,1,0,0,3
96,4,8,1,0,0
96,4,3,1,0,1
96,4,6,3,0,1
96,4,1,1,0,2
96,4,2,2,0,3
96,4,4,3,0,1
96,4,3,2,0,2
96,4,0,2,0,4
96,4,1,2,0,2
96,4,2,1,0,3
96,4,4,3,0,1
96,4,4,1,0,2
96,4,1,1,0,3
96,4,2,1,0,2
96,4,4,1,0,1
96,4,1,3,0,2
96,4,1,1,0,2
96,4,1,3,0,2
96,4,2,2,0,3
96,4,2,3,0,2
96,4,0,1,0,4
96,4,2,1,0,3
96,4,3,0,0,2
96,4,1,1,0,3
96,4,3,1,0,1
96,4,0,3,0,4
96,4,2,3,0,1
96,4,0,3,0,3
96,4,5,2,0,3
96,4,1,1,0,2
96,4,8,2,0,1
96,4,2,0,0,2
96,4,1,1,0,3
96,4,5,1,0,0
96,4,2,2,0,2
96,4,1,2,0,2
96,4,5,3,0,1
96,4,3,0,0,1
96,4,3,2,0,2
96,4,1,2,0,2
96,4,0,1,0,4
96,4,1,1,0,3
96,4,0,0,0,4
96,4,0,3,0,3
96,4,3,2,0,2
96,4,3,2,0,2
96,4,2,2,0,2
96,4,3,0,0,4
96,4,2,2,0,2
96,4,1,2,0,2
96,4,2,2,0,1
96,4,1,2,0,2
96,4,2,3,0,2
96,4,1,0,0,4
96,4,2,1,0,3
96,4,1,1,0,3
96,4,0,2,0,4
96,4,0,2,0,4
96,4,1,1,0,3
96,4,1,1,0,3
